Order_ID,Distance_km,Weather,Traffic_Level,Time_of_Day,Vehicle_Type,Preparation_Time_min,Courier_Experience_yrs,Delivery_Speed
522,7.93,Windy,Low,Afternoon,Scooter,12,1.0,Average
738,16.42,Clear,Medium,Evening,Bike,20,2.0,Slow
741,9.52,Foggy,Low,Night,Scooter,28,1.0,Average
661,7.44,Rainy,Medium,Afternoon,Scooter,5,1.0,Fast
412,19.03,Clear,Low,Morning,Bike,16,5.0,Average
679,19.4,Clear,Low,Evening,Scooter,8,9.0,Average
627,9.52,Clear,Low,,Bike,12,1.0,Average
514,17.39,Clear,Medium,Evening,Scooter,5,6.0,Average
860,1.78,Snowy,Low,Evening,Car,20,6.0,Fast
137,10.62,Foggy,Low,Evening,Scooter,29,1.0,Slow
812,16.86,Snowy,Medium,Afternoon,Car,13,4.0,Slow
77,15.54,Clear,Low,Night,Bike,29,1.0,Slow
637,10.89,Clear,High,Night,Bike,12,5.0,Average
974,4.69,Rainy,Medium,Evening,Scooter,12,7.0,Fast
939,2.8,Clear,High,Morning,Scooter,10,,Fast
900,2.17,Snowy,Low,Evening,Car,15,3.0,Fast
281,17.86,Rainy,Low,Afternoon,Bike,5,1.0,Average
884,2.53,Snowy,Low,Morning,Bike,6,8.0,Fast
762,6.58,Foggy,Low,Evening,Car,6,7.0,Fast
320,5.38,Clear,Medium,Evening,Scooter,26,1.0,Average
550,15.56,Rainy,Low,Afternoon,Scooter,28,0.0,Slow
175,13.08,Rainy,Low,Morning,Car,16,4.0,Average
372,0.86,Clear,High,Afternoon,Bike,26,5.0,Fast
528,5.83,Clear,High,Evening,Car,27,9.0,Average
211,11.2,Clear,Medium,Morning,Bike,23,,Slow
236,14.59,Clear,Medium,Morning,Bike,15,6.0,Average
102,12.91,Windy,Medium,Evening,Bike,11,6.0,Average
987,13.92,Snowy,Low,Morning,Scooter,18,4.0,Average
903,4.04,Snowy,Low,Night,Bike,11,9.0,Average
948,18.05,Clear,Medium,Evening,Scooter,10,7.0,Slow
347,12.88,Clear,Medium,Morning,Scooter,8,5.0,Average
140,19.45,Rainy,High,Morning,Scooter,20,6.0,Slow
622,4.58,Clear,High,Morning,Scooter,22,9.0,Average
500,19.73,Foggy,Medium,Evening,Bike,27,4.0,Slow
371,2.47,Windy,Medium,Morning,Bike,27,2.0,Average
199,17.8,Snowy,Medium,Morning,Bike,16,9.0,Slow
688,5.96,Clear,Medium,Afternoon,Bike,22,7.0,Average
585,12.85,Windy,Medium,Afternoon,Scooter,18,7.0,Average
902,1.02,Clear,Medium,Afternoon,Bike,25,4.0,Fast
60,6.84,Rainy,Medium,Night,Car,14,8.0,Average
329,8.68,Rainy,Medium,Morning,Bike,8,5.0,Average
97,10.69,Clear,Medium,Night,Bike,25,9.0,Average
313,0.99,,Medium,Evening,Bike,15,,Fast
975,1.11,Clear,Low,Morning,Bike,5,6.0,Fast
300,2.16,Snowy,Low,Evening,Scooter,15,0.0,Fast
278,13.17,Windy,Medium,Afternoon,Bike,16,4.0,Average
925,8.79,Snowy,Low,Night,Bike,14,6.0,Average
602,5.93,Clear,Low,Afternoon,Scooter,19,3.0,Fast
440,2.09,Rainy,Low,Night,Bike,23,2.0,Fast
838,7.57,Clear,Low,Morning,Bike,21,0.0,Average
571,10.52,Rainy,Medium,Afternoon,Scooter,8,4.0,Average
880,4.83,Rainy,Low,Morning,Car,25,9.0,Average
262,19.81,Snowy,Medium,Afternoon,Car,20,5.0,Slow
579,10.1,Rainy,Low,Evening,Car,8,4.0,Average
24,7.64,Windy,Low,Afternoon,Car,10,8.0,Fast
31,12.35,Clear,Low,Morning,Scooter,10,6.0,Fast
618,5.9,Rainy,Low,Evening,Car,26,9.0,Average
11,0.9,Clear,Low,Afternoon,Bike,20,8.0,Fast
222,11.58,Clear,Medium,Morning,Scooter,16,2.0,Average
821,16.16,Clear,High,Afternoon,Bike,11,1.0,Slow
297,15.51,Clear,Low,Evening,Bike,17,9.0,Average
55,12.16,Windy,High,Evening,Scooter,11,0.0,Average
543,4.96,Rainy,High,Morning,Bike,21,0.0,Average
210,3.64,Windy,High,Evening,Bike,17,6.0,Fast
605,2.85,Clear,Low,Morning,Scooter,26,0.0,Fast
693,10.4,Clear,Low,Evening,Bike,16,4.0,Average
663,12.31,Windy,Low,Morning,Bike,29,4.0,Average
867,3.53,Clear,Medium,Afternoon,Bike,13,7.0,Fast
71,15.56,Clear,Medium,Evening,Bike,14,3.0,Average
544,13.6,Clear,Medium,Afternoon,Bike,27,0.0,Slow
108,15.23,Snowy,High,Morning,Bike,5,0.0,Average
494,4.17,,Low,Evening,Scooter,5,1.0,Fast
591,3.21,Rainy,High,Night,Scooter,16,0.0,Average
742,6.38,Snowy,Low,Evening,Bike,16,1.0,Slow
293,16.54,Rainy,Low,Afternoon,Scooter,6,7.0,Average
290,12.02,Clear,Low,Morning,Car,9,7.0,Average
653,11.94,Clear,Low,Evening,Bike,20,3.0,Average
40,9.08,Clear,Low,Afternoon,Scooter,14,5.0,Average
590,3.46,Snowy,Medium,Morning,Scooter,23,3.0,Average
308,6.8,Foggy,Medium,Morning,Scooter,13,7.0,Average
680,17.38,Rainy,Medium,Afternoon,Scooter,11,2.0,Slow
67,3.25,Clear,Low,Morning,Bike,23,7.0,Fast
276,10.28,Clear,Medium,Evening,Scooter,29,3.0,Slow
68,16.14,Clear,Low,Night,Car,6,9.0,Average
319,3.55,Clear,Medium,Evening,Bike,23,0.0,Average
549,10.65,Clear,,Afternoon,Scooter,23,8.0,Average
999,19.03,Clear,Low,Afternoon,Car,26,5.0,Average
715,7.3,Clear,Low,Night,Scooter,14,7.0,Fast
754,7.03,Clear,Low,Evening,Scooter,21,1.0,Average
328,12.43,Snowy,Low,Afternoon,Car,12,0.0,Average
383,12.76,Windy,High,Morning,Scooter,27,,Slow
452,11.39,Rainy,High,Evening,Scooter,14,1.0,Slow
523,19.41,Clear,Low,Morning,Car,7,3.0,Average
219,13.17,Rainy,High,Evening,Scooter,17,8.0,Average
788,8.32,Rainy,Low,Afternoon,Car,12,2.0,Average
437,1.92,Clear,Low,,Bike,8,7.0,Fast
765,1.15,Clear,Low,Afternoon,Scooter,26,4.0,Fast
89,17.8,Windy,High,Afternoon,Car,12,9.0,Slow
64,7.46,Clear,Medium,Evening,Bike,8,5.0,Average
827,7.25,Clear,Medium,Afternoon,Scooter,18,4.0,Average
717,16.7,Clear,Medium,Afternoon,Scooter,28,1.0,Slow
352,17.2,Rainy,High,Afternoon,Scooter,14,2.0,Slow
937,0.86,Clear,Medium,Afternoon,Car,21,7.0,Fast
257,18.76,Clear,Medium,Evening,Car,15,2.0,Slow
636,9.22,Clear,Medium,Afternoon,Car,18,9.0,Average
645,2.84,Clear,Low,Evening,Scooter,24,2.0,Fast
555,17.59,Clear,Low,Morning,Bike,24,6.0,Average
960,14.89,Snowy,High,Morning,Scooter,17,6.0,Slow
169,1.3,Clear,Medium,Evening,Bike,22,4.0,Fast
918,18.99,Rainy,High,Afternoon,Bike,10,6.0,Average
529,1.6,Foggy,Low,Night,Scooter,24,,Fast
824,8.26,Snowy,Low,Afternoon,Bike,15,1.0,Average
986,10.16,Clear,High,Night,Bike,12,5.0,Average
817,12.03,Clear,Medium,,Car,20,5.0,Average
87,14.73,Rainy,Low,Afternoon,Bike,24,6.0,Slow
433,12.56,Clear,High,Evening,Bike,17,5.0,Average
185,5.53,Clear,Medium,Afternoon,Bike,19,1.0,Average
979,10.18,Foggy,Medium,Morning,Bike,25,3.0,Slow
535,15.5,Clear,Medium,Morning,Scooter,28,9.0,Slow
295,2.98,Foggy,,Night,Bike,11,2.0,Fast
893,16.69,Foggy,Medium,Evening,Scooter,8,2.0,Average
426,11.22,Windy,High,Evening,Bike,25,5.0,Slow
714,8.53,Clear,Low,Evening,Scooter,8,2.0,Average
261,12.49,Clear,Medium,Morning,Bike,25,4.0,Slow
238,0.97,Clear,Low,Night,Scooter,24,8.0,Fast
560,12.6,Windy,Medium,Afternoon,Car,8,6.0,Average
584,6.91,Clear,Medium,Evening,Scooter,28,9.0,Average
446,18.97,Clear,Low,Evening,Car,25,4.0,Slow
868,4.05,Clear,Medium,Evening,Bike,20,,Average
801,14.29,Windy,Medium,Morning,Bike,14,7.0,Slow
600,1.3,Foggy,Low,Evening,Bike,19,5.0,Fast
850,12.11,Rainy,Low,Morning,Bike,9,5.0,Average
266,14.94,Clear,Medium,Morning,Bike,11,0.0,Average
996,2.29,Rainy,High,Afternoon,Car,8,8.0,Slow
530,17.36,Rainy,High,Afternoon,Bike,24,1.0,Slow
56,18.48,Clear,Medium,Night,Bike,8,0.0,Slow
121,16.25,Foggy,High,Morning,Bike,10,5.0,Slow
216,5.13,Clear,Low,Morning,Car,15,4.0,Fast
26,15.81,Clear,Low,,Car,25,1.0,Slow
73,0.61,Clear,Low,Afternoon,Scooter,10,0.0,Fast
45,5.55,Foggy,High,Evening,Bike,18,1.0,Slow
248,19.35,Clear,High,,Bike,12,7.0,Slow
722,4.03,Clear,Medium,Evening,Bike,9,5.0,Fast
282,7.09,Snowy,Low,Morning,Scooter,13,8.0,Fast
894,8.25,Clear,Medium,Afternoon,Bike,7,9.0,Fast
915,11.26,Clear,Low,Night,Bike,5,6.0,Average
811,19.7,Rainy,Low,Evening,Bike,10,2.0,Average
245,0.8,Snowy,High,Evening,Bike,14,9.0,Fast
823,7.0,Rainy,Medium,Evening,Bike,17,9.0,Average
322,14.43,Clear,Medium,Morning,Car,14,4.0,Slow
644,6.89,Rainy,Medium,Afternoon,Bike,11,6.0,Average
159,5.13,Foggy,Medium,Evening,Car,25,1.0,Average
978,1.5,Clear,Low,Afternoon,Bike,10,1.0,Fast
430,2.78,,High,Afternoon,Scooter,9,0.0,Average
942,11.31,Clear,Medium,Evening,Bike,7,0.0,Average
463,15.05,Clear,Medium,Evening,Car,12,2.0,Average
310,5.78,Foggy,Low,Afternoon,Scooter,9,9.0,Fast
698,11.83,Clear,Low,Evening,Scooter,9,7.0,Fast
61,8.08,Foggy,Low,Morning,Bike,25,2.0,Average
885,16.1,Clear,Low,Evening,Bike,25,0.0,Average
596,9.74,Rainy,Medium,Evening,Scooter,7,8.0,Fast
768,17.6,Clear,Low,Afternoon,Bike,27,3.0,Average
650,10.22,Snowy,Medium,Night,Bike,18,1.0,Average
651,2.19,Clear,Low,Evening,Bike,26,3.0,Fast
866,11.41,Windy,Medium,Afternoon,Scooter,17,4.0,Average
669,4.14,Clear,Medium,Morning,Scooter,14,2.0,Fast
299,12.65,Rainy,Low,Afternoon,Bike,18,8.0,Average
690,4.15,,Medium,Morning,Car,17,8.0,Average
315,16.8,,High,Morning,Car,19,4.0,Slow
311,9.06,Clear,Medium,Evening,Bike,23,4.0,Average
362,13.04,Clear,Medium,Morning,Scooter,20,6.0,Average
480,10.7,Clear,Medium,Afternoon,Scooter,8,5.0,Average
111,6.15,Foggy,Low,Evening,Scooter,26,5.0,Average
990,16.47,Snowy,High,Evening,Scooter,20,9.0,Slow
487,1.39,Clear,Medium,Afternoon,Bike,15,4.0,Fast
364,11.14,Rainy,Medium,Morning,Scooter,7,3.0,Average
255,3.81,Rainy,High,Afternoon,Bike,5,6.0,Fast
260,2.39,Rainy,Medium,Evening,Bike,27,7.0,Average
803,11.74,Clear,High,Evening,Car,6,3.0,Average
678,8.26,Clear,Low,,Car,21,4.0,Slow
495,9.54,Rainy,Medium,Evening,Scooter,11,5.0,Average
671,3.88,Clear,Medium,Morning,Bike,16,2.0,Fast
378,0.95,Rainy,Medium,Morning,Car,27,0.0,Average
527,8.59,Clear,Low,Night,Scooter,17,8.0,Fast
846,8.59,Clear,Low,Evening,Bike,22,2.0,Average
138,14.21,Clear,Medium,Evening,Bike,24,,Average
356,13.03,Foggy,Low,Morning,Scooter,9,1.0,Average
366,8.03,Clear,Low,Evening,Scooter,14,8.0,Average
943,13.2,Snowy,Low,Morning,Car,14,3.0,Average
750,12.67,Clear,Medium,Evening,Car,10,3.0,Average
949,17.54,Clear,,Morning,Car,16,8.0,Average
830,9.32,Clear,Low,Morning,Scooter,6,5.0,Fast
657,6.03,Rainy,High,Afternoon,Car,8,6.0,Average
200,15.71,Clear,Low,Afternoon,Scooter,28,5.0,Average
214,4.87,Snowy,High,Evening,Bike,16,7.0,Average
409,18.15,Rainy,High,Morning,Bike,22,7.0,Slow
333,0.78,Clear,Medium,Morning,Bike,6,1.0,Fast
209,0.6,Clear,Low,Afternoon,Bike,26,3.0,Fast
614,2.09,Clear,Medium,Evening,Bike,5,5.0,Fast
79,7.49,Clear,,Morning,Scooter,13,9.0,Average
30,1.41,Foggy,Medium,Evening,Bike,15,0.0,Slow
536,18.92,Clear,High,Morning,Scooter,27,4.0,Slow
696,12.41,Clear,Medium,Morning,Car,10,1.0,Average
558,1.06,,Low,Afternoon,Scooter,19,6.0,Fast
837,18.34,Clear,High,Night,Bike,9,4.0,Slow
597,13.52,Clear,Low,Morning,Scooter,27,1.0,Slow
166,16.79,Foggy,High,Afternoon,Bike,24,6.0,Slow
919,15.39,Clear,Medium,Evening,Scooter,24,5.0,Slow
496,7.39,Rainy,Medium,Morning,Scooter,25,6.0,Average
825,10.98,Rainy,Low,Morning,Scooter,10,6.0,Average
66,11.08,Snowy,Medium,Morning,Bike,9,0.0,Average
142,5.41,Clear,Medium,Night,Bike,14,5.0,Fast
926,0.94,Clear,High,Morning,Bike,9,6.0,Fast
828,7.27,Windy,Low,Afternoon,Bike,10,5.0,Fast
656,2.99,Windy,Medium,Morning,Bike,27,5.0,Average
332,15.28,Snowy,Low,Evening,Bike,16,5.0,Slow
665,2.48,Windy,Medium,Afternoon,Car,14,6.0,Fast
250,17.13,Rainy,Low,Evening,Car,19,1.0,Slow
908,7.17,Clear,Low,Afternoon,Bike,15,7.0,Fast
709,5.47,Rainy,Low,Morning,Car,21,6.0,Fast
306,19.53,Foggy,Low,Afternoon,Bike,11,6.0,Slow
735,7.5,Clear,High,Morning,Bike,29,1.0,Average
976,5.61,Windy,Low,Night,Bike,25,9.0,Average
50,4.1,Clear,Low,Morning,Bike,21,3.0,Fast
897,6.22,Rainy,Medium,Morning,Bike,15,0.0,Average
3,14.77,,High,Morning,Scooter,11,6.0,Average
545,12.55,Windy,Low,Evening,Bike,13,8.0,Average
351,10.31,Foggy,Medium,Morning,Scooter,19,5.0,Average
905,8.72,Snowy,Medium,Evening,Car,18,7.0,Average
537,17.07,Clear,Medium,Morning,Bike,20,6.0,Slow
345,8.27,,High,Afternoon,Scooter,13,5.0,Average
995,7.54,Snowy,Low,Afternoon,Bike,20,,Average
482,14.07,Clear,High,Afternoon,Bike,5,8.0,Average
576,19.02,Clear,Medium,Afternoon,Bike,29,9.0,Slow
34,19.0,Clear,High,Morning,Car,28,3.0,Slow
32,3.83,Rainy,Medium,Afternoon,Bike,12,9.0,Fast
232,10.3,Clear,Low,Evening,Scooter,19,8.0,Average
964,8.09,Clear,High,Afternoon,Scooter,15,4.0,Average
193,18.06,Clear,Medium,Night,Bike,9,8.0,Average
334,2.76,Windy,Medium,Morning,Scooter,8,5.0,Fast
4,12.17,Snowy,Low,Evening,Bike,20,8.0,Average
205,12.33,Clear,Medium,Evening,Bike,22,9.0,Slow
515,1.38,Clear,Medium,Evening,Scooter,5,8.0,Fast
800,18.49,Clear,Low,Afternoon,Scooter,14,6.0,Slow
307,10.57,Snowy,Low,Afternoon,Bike,28,9.0,Average
110,2.0,Clear,High,Evening,Scooter,10,2.0,Fast
431,3.29,Clear,Medium,Afternoon,Scooter,17,4.0,Fast
78,1.94,Rainy,Medium,Morning,Bike,16,0.0,Fast
85,6.56,Windy,Medium,,Bike,14,1.0,Average
287,9.58,Clear,High,Afternoon,Car,26,8.0,Average
83,6.95,Clear,Medium,Morning,Scooter,25,2.0,Average
992,14.05,Clear,High,Morning,Scooter,19,0.0,Slow
790,18.97,Rainy,High,Night,Bike,20,8.0,Slow
895,13.53,Rainy,Low,Evening,Bike,28,8.0,Slow
399,15.14,Rainy,Medium,Morning,Bike,8,6.0,Average
324,5.96,Clear,Low,Afternoon,Bike,26,6.0,Average
520,3.43,Windy,Medium,Morning,Bike,7,6.0,Fast
917,6.24,,Medium,Evening,Bike,15,3.0,Average
923,17.94,Rainy,High,Evening,Scooter,22,6.0,Slow
6,3.54,Rainy,Medium,Evening,Bike,10,5.0,Fast
732,16.38,Rainy,Medium,Night,Bike,7,,Slow
466,7.81,Clear,Low,Evening,Bike,11,4.0,Average
98,8.84,Clear,,Morning,Bike,26,0.0,Average
267,14.09,Clear,Medium,Afternoon,Scooter,12,3.0,Average
358,11.92,Clear,Low,Afternoon,Scooter,14,4.0,Average
869,17.3,Clear,Low,Evening,Scooter,9,0.0,Average
799,14.08,Clear,High,Morning,Bike,28,6.0,Average
381,2.8,Clear,High,Afternoon,Bike,28,1.0,Average
632,17.96,Clear,Medium,,Bike,22,2.0,Slow
382,14.09,Clear,High,Afternoon,Bike,12,6.0,Average
491,9.39,Clear,Low,Morning,Bike,14,2.0,Fast
119,17.9,Clear,Low,Morning,Bike,23,,Slow
901,4.55,Rainy,Low,Afternoon,Bike,5,6.0,Fast
251,6.24,Snowy,Low,Afternoon,Bike,20,4.0,Average
524,16.92,Clear,Low,Morning,Scooter,29,0.0,Average
10,14.31,Clear,Medium,Morning,Bike,9,8.0,Average
197,14.66,Windy,Medium,,Bike,20,2.0,Slow
604,2.23,Clear,Low,Morning,Bike,7,6.0,Fast
82,12.65,Clear,Low,Evening,Bike,15,4.0,Average
784,7.24,Rainy,Medium,Evening,Bike,28,6.0,Average
588,3.01,Clear,Medium,Evening,Bike,14,4.0,Fast
798,11.52,,Medium,Morning,Scooter,25,2.0,Average
240,3.95,Clear,Low,Afternoon,Bike,13,5.0,Fast
291,1.09,Clear,Medium,Morning,Scooter,6,2.0,Fast
212,13.99,Clear,High,Evening,Scooter,7,3.0,Slow
718,19.32,Rainy,High,Morning,Car,21,7.0,Slow
360,11.72,Rainy,Low,Evening,Bike,11,9.0,Average
450,2.13,Rainy,Low,Morning,Scooter,9,2.0,Fast
228,8.17,Clear,Medium,Afternoon,Scooter,20,9.0,Average
951,12.21,Clear,High,Morning,Bike,9,4.0,Average
947,3.17,Clear,Medium,Evening,Scooter,17,6.0,Fast
797,18.68,Snowy,Low,Afternoon,Bike,11,8.0,Average
502,10.95,Clear,Medium,Evening,Scooter,24,4.0,Average
465,19.26,Windy,Medium,Morning,Scooter,21,6.0,Average
363,9.44,Rainy,,Evening,Scooter,28,8.0,Average
469,4.86,Foggy,Medium,Evening,Car,25,4.0,Average
936,5.81,Foggy,Low,Afternoon,Bike,25,8.0,Average
429,7.34,Rainy,Low,Evening,Bike,22,8.0,Average
8,17.39,Foggy,Medium,Morning,Bike,25,4.0,Slow
156,5.22,Snowy,Low,Evening,Bike,11,9.0,Fast
542,12.32,Clear,Medium,Evening,Scooter,17,4.0,Slow
441,2.15,Windy,Medium,Afternoon,Car,17,6.0,Fast
483,9.36,Rainy,High,Morning,Scooter,17,2.0,Average
423,2.28,Clear,Medium,Evening,Scooter,27,9.0,Fast
779,14.54,Clear,Medium,Evening,Bike,29,2.0,Slow
950,12.15,Clear,High,Morning,Car,12,6.0,Average
335,1.4,Windy,Low,Evening,Bike,9,9.0,Fast
577,3.37,Clear,High,Morning,Bike,9,,Fast
935,3.85,Rainy,Medium,Afternoon,Bike,26,3.0,Average
568,9.03,Clear,Low,,Bike,11,5.0,Average
595,17.99,Snowy,Low,Afternoon,Bike,15,3.0,Average
531,16.35,Clear,Medium,Morning,Bike,16,0.0,Average
582,19.61,Clear,High,Evening,Bike,8,6.0,Slow
708,16.29,Clear,Low,Morning,Bike,20,1.0,Slow
449,7.84,Windy,Low,Afternoon,Bike,6,4.0,Fast
454,18.17,Rainy,Low,Afternoon,Car,13,0.0,Slow
229,17.89,Windy,Low,,Bike,27,1.0,Slow
353,13.34,Clear,Medium,Night,Bike,20,6.0,Average
729,4.43,Foggy,Low,Morning,Scooter,10,1.0,Average
213,13.21,Clear,,Morning,Scooter,12,4.0,Average
80,2.76,Windy,Medium,Night,Bike,6,2.0,Fast
149,1.5,Foggy,Medium,Evening,Scooter,15,4.0,Fast
303,11.04,Clear,Medium,Afternoon,Scooter,8,2.0,Average
629,1.22,Clear,Medium,Evening,Scooter,6,,Fast
778,14.58,Clear,Low,Afternoon,Bike,13,,Average
507,18.26,Rainy,High,Night,Scooter,28,7.0,Slow
343,3.88,Foggy,Low,Evening,Car,27,9.0,Average
486,18.07,Clear,High,Afternoon,Scooter,5,2.0,Average
712,12.11,Clear,Medium,Evening,Bike,28,0.0,Slow
134,7.08,Clear,Medium,Afternoon,Scooter,5,8.0,Fast
704,3.12,Rainy,Low,Evening,Scooter,14,5.0,Fast
312,2.03,Foggy,High,Evening,Car,14,4.0,Fast
723,1.8,Clear,,Night,Bike,14,1.0,Fast
630,5.42,Clear,Low,Evening,Scooter,11,9.0,Fast
1,7.8,Clear,Low,Evening,Scooter,23,5.0,Average
317,8.47,Rainy,Low,Afternoon,Scooter,19,0.0,Average
707,6.79,Rainy,Low,Evening,Scooter,16,1.0,Fast
548,13.6,Rainy,Medium,Afternoon,Scooter,23,6.0,Slow
873,13.06,Rainy,High,Morning,Bike,17,8.0,Average
533,19.93,Snowy,Low,Afternoon,Bike,6,6.0,Average
478,11.3,Snowy,Medium,Afternoon,Bike,15,8.0,Average
405,6.74,Rainy,Medium,Evening,Car,21,9.0,Average
173,10.49,Rainy,Low,Morning,Bike,28,9.0,Average
126,8.83,,Medium,Evening,Scooter,12,3.0,Slow
395,7.15,Clear,High,Night,Car,29,7.0,Average
421,15.94,Clear,Low,Evening,Bike,24,2.0,Slow
553,11.26,Foggy,High,Afternoon,Bike,14,2.0,Average
904,11.87,Clear,Medium,Morning,Bike,10,6.0,Average
91,2.83,Windy,Medium,Afternoon,Scooter,14,6.0,Fast
940,11.74,Clear,Low,Afternoon,Car,20,1.0,Average
182,2.71,Clear,Low,Morning,Scooter,6,1.0,Fast
275,10.47,Clear,High,Evening,Scooter,14,7.0,Average
896,4.5,Snowy,High,Evening,Bike,24,0.0,Average
70,19.74,,Low,,Car,21,7.0,Slow
292,1.23,Clear,Low,Evening,Bike,18,6.0,Fast
132,4.83,Clear,Low,Evening,Bike,11,1.0,Fast
301,1.51,Clear,High,Afternoon,Bike,14,2.0,Fast
425,1.62,Windy,Low,Evening,Bike,9,8.0,Fast
327,11.31,Clear,High,Evening,Bike,20,0.0,Average
145,6.05,Clear,Medium,Morning,Car,24,0.0,Average
424,10.14,Clear,Medium,Morning,Scooter,20,1.0,Average
581,9.45,Clear,Low,Afternoon,Car,13,0.0,Average
136,6.8,Clear,High,Evening,Bike,28,5.0,Average
451,15.65,Clear,Low,Afternoon,Bike,27,0.0,Slow
165,2.26,Clear,Medium,Morning,Scooter,6,3.0,Fast
29,12.05,Clear,Low,Evening,Scooter,29,4.0,Average
774,8.25,Windy,Medium,Evening,Car,24,4.0,Average
194,12.85,Rainy,Medium,Afternoon,Scooter,23,0.0,Slow
389,15.14,Windy,Medium,Morning,Bike,15,4.0,Slow
853,4.59,Foggy,Low,Evening,Scooter,19,8.0,Fast
170,12.02,Clear,Low,Afternoon,Bike,26,0.0,Average
706,19.8,Clear,High,Evening,Bike,7,3.0,Slow
141,19.27,Foggy,High,Afternoon,Bike,14,6.0,Slow
174,4.92,Clear,High,Morning,Scooter,12,0.0,Average
7,1.63,Rainy,Medium,Night,Bike,24,5.0,Fast
746,18.04,Clear,Medium,Morning,Bike,8,5.0,Slow
479,19.4,Snowy,,Afternoon,Scooter,23,9.0,Slow
74,16.4,Clear,High,Morning,Scooter,12,2.0,Average
911,12.01,Clear,Low,Morning,Car,5,7.0,Average
814,18.46,Clear,,,Scooter,29,1.0,Slow
239,13.09,Windy,Low,,Scooter,17,1.0,Average
146,1.22,Foggy,High,Afternoon,Scooter,14,2.0,Fast
793,10.36,Rainy,Medium,Afternoon,Bike,7,8.0,Fast
235,4.31,Rainy,Medium,Afternoon,Bike,9,2.0,Fast
221,13.32,Windy,Medium,Afternoon,Bike,26,0.0,Slow
924,16.1,Clear,Low,Morning,Car,16,6.0,Average
501,14.11,Rainy,High,Morning,Scooter,24,3.0,Slow
133,2.84,Clear,Medium,Night,Scooter,28,1.0,Average
991,16.09,Snowy,Low,Morning,Car,13,6.0,Average
775,16.05,Snowy,Medium,Evening,Bike,11,2.0,Slow
186,13.37,Windy,High,Afternoon,Scooter,17,8.0,Average
42,10.16,Snowy,Medium,Night,Bike,10,1.0,Average
697,6.13,Clear,Medium,Night,Scooter,22,0.0,Average
109,4.96,Rainy,Low,Afternoon,Car,10,7.0,Fast
589,3.0,Clear,Low,Morning,Scooter,29,1.0,Average
57,2.23,Snowy,Medium,Evening,Car,14,0.0,Average
406,17.96,Clear,,Evening,Scooter,26,0.0,Slow
443,7.8,Rainy,Medium,Morning,Bike,11,7.0,Average
758,10.9,Clear,High,Afternoon,Scooter,6,8.0,Average
998,3.17,Clear,Low,Afternoon,Bike,17,1.0,Fast
25,9.39,Windy,Medium,Morning,Scooter,21,9.0,Average
468,17.44,Clear,Low,Evening,Bike,25,9.0,Slow
540,3.02,Rainy,Medium,Morning,Bike,23,1.0,Average
532,19.99,Rainy,High,Evening,Bike,17,1.0,Slow
619,16.22,Rainy,High,Evening,Bike,22,0.0,Slow
695,2.74,Clear,High,Afternoon,Bike,18,9.0,Fast
927,5.74,Rainy,High,Evening,Bike,13,9.0,Average
339,9.75,Clear,Low,Afternoon,Bike,22,7.0,Average
52,15.62,Rainy,Medium,Afternoon,Scooter,23,7.0,Slow
508,16.54,Rainy,Medium,Afternoon,Bike,25,7.0,Slow
517,7.84,Rainy,Low,Morning,Scooter,7,8.0,Fast
921,17.44,,Low,Night,Car,23,0.0,Slow
782,11.08,Windy,High,Afternoon,Bike,16,6.0,Average
265,17.61,Clear,Medium,Evening,Scooter,21,9.0,Slow
818,8.28,Snowy,Low,Evening,Car,29,7.0,Average
711,15.32,Clear,Medium,Morning,Bike,17,6.0,Slow
683,3.83,Rainy,Low,Evening,Car,27,3.0,Average
833,3.25,Rainy,,Evening,Scooter,29,0.0,Average
519,19.75,Clear,Medium,Morning,Bike,25,1.0,Slow
448,15.19,Foggy,Low,Evening,Scooter,6,4.0,Average
19,8.92,Windy,,Morning,Bike,25,4.0,Average
716,18.63,Windy,Low,Afternoon,Bike,11,5.0,Slow
484,12.74,Clear,Low,Night,Scooter,18,0.0,Average
569,18.13,Rainy,High,Evening,Bike,21,2.0,Slow
434,2.47,Rainy,Low,Afternoon,Car,22,6.0,Fast
368,18.15,Windy,Medium,Morning,Bike,11,2.0,Slow
84,1.74,Foggy,High,Afternoon,Scooter,8,9.0,Fast
62,5.79,Windy,Medium,Morning,Bike,26,6.0,Average
639,5.75,Windy,High,Morning,Scooter,7,4.0,Fast
273,17.41,Snowy,Medium,Evening,Bike,20,4.0,Slow
286,1.2,Rainy,Low,Morning,Scooter,24,7.0,Fast
361,8.07,Windy,Low,Evening,Bike,21,4.0,Average
355,1.88,Clear,Medium,Morning,Scooter,24,7.0,Fast
457,0.72,Rainy,Medium,Afternoon,Scooter,9,2.0,Fast
279,14.19,Clear,Medium,Afternoon,Bike,9,1.0,Average
13,16.73,Windy,High,Afternoon,Scooter,9,7.0,Slow
183,18.53,Rainy,Low,Afternoon,Scooter,8,8.0,Average
369,4.32,Clear,Low,Morning,Bike,21,9.0,Fast
882,13.6,Foggy,High,Evening,Bike,9,7.0,Average
616,18.46,Rainy,Low,Morning,Bike,19,9.0,Slow
224,7.67,Windy,Low,Morning,Car,9,2.0,Fast
573,8.23,Snowy,Low,Evening,Bike,17,3.0,Average
971,13.44,Clear,Low,Night,Bike,29,0.0,Average
654,15.04,Clear,Low,Morning,Car,24,5.0,Average
546,7.48,Clear,Medium,Morning,Car,21,4.0,Average
583,10.11,Rainy,,Afternoon,Scooter,23,2.0,Average
634,10.88,Snowy,Low,Afternoon,Car,13,3.0,Average
177,13.97,Snowy,Low,Evening,Scooter,14,8.0,Average
666,3.48,Foggy,Low,Afternoon,Scooter,9,1.0,Fast
674,10.73,Foggy,Low,Morning,Bike,6,6.0,Fast
586,5.18,Clear,Medium,Afternoon,Car,9,2.0,Fast
874,8.47,Foggy,Medium,Evening,Bike,24,0.0,Average
394,15.64,Rainy,Low,,Bike,20,4.0,Slow
164,10.95,Snowy,,Afternoon,Bike,9,1.0,Average
249,19.29,Windy,Medium,Evening,Scooter,7,8.0,Slow
635,2.59,Windy,Medium,,Bike,13,5.0,Fast
886,3.98,Clear,High,Night,Car,19,3.0,Average
670,6.06,Foggy,Low,Afternoon,Scooter,10,8.0,Average
376,6.72,Foggy,Low,Evening,Bike,8,5.0,Fast
413,19.04,Clear,Medium,Morning,Scooter,27,2.0,Slow
75,14.28,Windy,High,Afternoon,Scooter,23,5.0,Slow
114,16.26,Rainy,High,Morning,Bike,16,6.0,Average
599,4.25,Clear,Low,Afternoon,Bike,5,4.0,Fast
962,12.26,Clear,Low,Afternoon,Bike,20,2.0,Average
391,19.81,Clear,Low,Afternoon,Bike,27,1.0,Slow
105,18.2,Windy,Medium,Morning,Bike,27,1.0,Slow
115,12.85,Rainy,Medium,Morning,Scooter,14,8.0,Slow
418,6.91,Clear,Low,Evening,Bike,27,8.0,Slow
526,9.64,Clear,Low,Morning,Bike,10,5.0,Average
458,9.64,Rainy,Medium,Evening,Bike,14,6.0,Average
410,2.28,Foggy,Medium,Morning,Scooter,27,6.0,Average
93,15.34,Rainy,Low,Afternoon,Bike,18,6.0,Average
931,3.22,Rainy,Medium,Night,Bike,14,8.0,Fast
90,9.71,Clear,Low,Morning,Bike,8,1.0,Average
337,17.18,Clear,Medium,Night,Scooter,13,1.0,Average
989,5.3,Clear,Medium,Afternoon,Scooter,29,3.0,Average
922,10.0,Clear,Medium,Afternoon,Scooter,6,9.0,Average
934,10.75,Rainy,Medium,Morning,Bike,8,6.0,Average
606,9.49,Rainy,Medium,Morning,Car,23,6.0,Average
594,7.24,Clear,Medium,Afternoon,Bike,28,7.0,Average
612,16.09,Rainy,Low,Morning,Bike,21,8.0,Average
95,15.53,Clear,Low,Morning,Bike,26,6.0,Slow
12,19.41,Windy,Low,Morning,Bike,11,8.0,Average
397,17.24,Clear,Low,Evening,Bike,17,5.0,Average
534,11.33,,Low,Morning,Bike,25,3.0,Average
44,18.23,Rainy,Low,Afternoon,Scooter,27,9.0,Slow
43,1.17,Clear,Medium,Morning,Bike,16,9.0,Fast
330,5.33,Clear,Low,Evening,Car,29,1.0,Average
168,4.14,Rainy,Low,Morning,Bike,23,2.0,Average
498,2.02,Clear,High,Evening,Bike,28,5.0,Average
877,14.46,Rainy,Medium,Morning,Scooter,11,9.0,Average
598,3.86,Clear,Medium,Afternoon,Bike,21,8.0,Fast
757,12.59,Windy,Medium,Morning,Bike,13,9.0,Average
101,1.11,Clear,High,Morning,Scooter,22,8.0,Fast
427,9.11,Clear,Low,Afternoon,Bike,19,6.0,Average
179,18.77,Snowy,Medium,Evening,Bike,24,0.0,Slow
445,16.35,Foggy,Medium,Night,Bike,16,6.0,Average
417,6.22,Clear,Low,Afternoon,Bike,16,9.0,Fast
871,7.78,Foggy,High,Afternoon,Bike,25,3.0,Slow
883,0.88,Rainy,Low,Night,Car,27,2.0,Fast
681,16.43,Clear,Low,Evening,Bike,13,5.0,Average
178,8.04,Clear,Medium,Evening,Car,27,0.0,Average
396,18.65,Foggy,Low,Night,Car,19,2.0,Average
912,5.73,Foggy,Low,Morning,Scooter,7,2.0,Fast
794,12.42,Rainy,Low,Evening,Bike,28,9.0,Slow
961,2.11,Clear,Low,Afternoon,Scooter,28,5.0,Fast
685,18.62,Clear,Low,Evening,Scooter,27,6.0,Slow
384,17.61,Clear,Medium,Morning,Scooter,19,3.0,Slow
957,10.62,Rainy,Medium,Night,Bike,7,2.0,Average
752,18.83,,Medium,Night,Bike,8,0.0,Average
258,14.07,Clear,Medium,Morning,Bike,16,9.0,Slow
539,9.29,Clear,Medium,Evening,Bike,10,9.0,Fast
336,1.29,Rainy,Low,Evening,Bike,7,7.0,Fast
16,4.08,Windy,Medium,Afternoon,Bike,7,0.0,Fast
325,19.12,Windy,High,Evening,Car,8,0.0,Slow
759,17.93,Clear,Medium,Afternoon,Bike,29,4.0,Slow
223,2.33,,Low,Morning,Car,6,1.0,Fast
180,3.18,Rainy,Medium,Evening,Bike,21,3.0,Average
984,1.97,Clear,High,Morning,Car,28,7.0,Average
23,6.2,Windy,High,Evening,Scooter,7,3.0,Average
357,1.02,Windy,High,Evening,Bike,6,8.0,Fast
667,5.3,Clear,Low,Evening,Bike,16,5.0,Fast
862,9.34,Rainy,Low,Evening,Car,10,0.0,Fast
341,10.09,Clear,Medium,Evening,Bike,7,0.0,Average
432,15.35,Rainy,High,Night,Scooter,23,9.0,Slow
552,17.12,Rainy,Low,Morning,Bike,26,3.0,Slow
834,3.94,Snowy,Low,Afternoon,Bike,19,3.0,Average
204,18.02,Clear,,Evening,Car,12,3.0,Slow
631,14.41,Snowy,Medium,Evening,Bike,8,8.0,Slow
94,11.44,Rainy,Medium,Evening,Car,20,2.0,Average
559,15.23,Foggy,Low,Morning,Car,6,0.0,Average
69,1.95,Clear,Low,Morning,Scooter,16,2.0,Fast
623,7.72,Rainy,Medium,Morning,Bike,11,,Fast
285,11.78,Clear,Low,Afternoon,Scooter,26,3.0,Slow
845,3.4,Windy,Medium,Morning,Bike,11,6.0,Fast
435,2.14,Clear,High,Evening,Bike,18,3.0,Fast
154,10.04,Rainy,High,Afternoon,Bike,12,9.0,Average
76,14.72,Clear,,Evening,Scooter,15,8.0,Slow
731,3.7,Clear,Medium,Morning,Bike,28,7.0,Average
447,19.73,Rainy,Low,Evening,Bike,8,8.0,Average
189,10.83,Clear,Medium,Evening,Scooter,8,9.0,Average
272,16.3,Foggy,Low,Morning,Car,12,1.0,Slow
237,5.98,Foggy,High,Morning,Bike,14,6.0,Average
488,5.98,Rainy,High,Morning,Bike,21,2.0,Average
118,4.14,Foggy,Medium,Morning,Bike,21,0.0,Average
944,16.68,,Medium,Afternoon,Bike,9,9.0,Average
513,18.69,Windy,Medium,Night,Bike,23,9.0,Slow
826,18.44,Rainy,High,Morning,Bike,27,7.0,Slow
592,13.0,Windy,High,Morning,Bike,22,8.0,Average
127,16.45,,Medium,Evening,Scooter,25,3.0,Slow
117,16.17,Clear,Medium,Evening,Car,10,2.0,Slow
474,17.88,Clear,Medium,Evening,Bike,29,3.0,Slow
694,5.23,Clear,Medium,Morning,Scooter,19,4.0,Fast
58,4.32,,Medium,Morning,Bike,17,4.0,Fast
864,9.09,Rainy,Medium,Morning,Bike,6,7.0,Average
913,12.67,Windy,Medium,Morning,Scooter,7,3.0,Average
370,1.85,Clear,Medium,Evening,Bike,10,1.0,Fast
269,7.51,Rainy,Low,Evening,Car,27,6.0,Average
47,6.58,Clear,Low,Afternoon,Bike,13,1.0,Fast
350,12.7,Clear,Low,Morning,Scooter,22,2.0,Average
196,7.31,Foggy,Medium,Afternoon,Bike,26,2.0,Average
1000,9.2,Clear,High,Morning,Scooter,9,9.0,Average
835,10.22,Foggy,Low,Afternoon,Scooter,21,0.0,Average
737,8.15,Clear,High,Evening,Scooter,12,9.0,Average
264,10.61,Clear,Medium,Morning,Bike,17,0.0,Average
444,7.73,Clear,High,Night,Bike,29,5.0,Average
676,19.66,Clear,Low,Morning,Car,19,6.0,Average
305,14.66,Snowy,High,Morning,Car,5,6.0,Slow
342,9.73,Clear,Low,Afternoon,Bike,29,6.0,Average
967,14.52,Clear,Medium,Afternoon,Car,26,5.0,Slow
150,5.93,Foggy,High,,Scooter,27,1.0,Slow
125,4.94,Rainy,High,Evening,Scooter,28,4.0,Average
787,11.88,Rainy,High,Afternoon,Car,29,9.0,Slow
51,19.41,Foggy,Medium,Morning,Car,7,6.0,Average
354,3.68,,High,Afternoon,Car,16,6.0,Average
928,11.06,Clear,High,Evening,Bike,6,9.0,Average
143,10.2,Rainy,Medium,Afternoon,Bike,18,9.0,Average
471,0.74,Rainy,Low,Morning,Car,13,4.0,Fast
400,15.21,Snowy,Medium,Afternoon,Bike,20,9.0,Slow
626,7.69,Rainy,High,Morning,Scooter,16,3.0,Average
321,11.21,Clear,High,Afternoon,Scooter,23,1.0,Slow
20,6.18,Clear,Medium,Evening,Bike,9,9.0,Fast
810,2.71,Clear,Medium,Morning,Car,6,5.0,Fast
791,3.49,Clear,Medium,Morning,Bike,17,2.0,Fast
809,9.29,Clear,Medium,Morning,Bike,17,2.0,Average
408,0.71,Foggy,Low,Night,Bike,29,1.0,Average
538,5.32,Rainy,Low,Afternoon,Scooter,27,2.0,Average
621,4.1,Clear,Medium,Evening,Car,18,3.0,Fast
39,13.84,Clear,Low,Morning,Scooter,18,,Average
176,3.9,Rainy,High,Morning,Car,25,9.0,Average
246,18.6,Rainy,Medium,Morning,Car,28,9.0,Slow
829,14.88,Snowy,Medium,Evening,Bike,10,0.0,Average
668,3.63,Windy,Medium,Morning,Car,22,9.0,Fast
755,3.22,Windy,High,Morning,Car,7,7.0,Fast
859,11.51,Foggy,Low,Afternoon,Car,5,7.0,Average
155,19.72,Rainy,Low,Afternoon,Bike,27,6.0,Slow
288,11.08,Clear,Low,Evening,Scooter,28,2.0,Average
603,3.95,Clear,Medium,Morning,Car,28,5.0,Average
570,7.29,Clear,High,Evening,Car,11,7.0,Average
744,10.3,Clear,Low,Morning,Car,12,7.0,Average
18,10.73,Rainy,High,Afternoon,Car,27,6.0,Slow
128,17.28,Clear,Low,Morning,Car,28,3.0,Slow
323,13.37,Foggy,Medium,Evening,Scooter,16,9.0,Slow
256,11.36,Clear,Medium,Morning,Scooter,8,2.0,Average
658,7.58,Clear,High,Afternoon,Scooter,19,9.0,Average
965,6.13,Rainy,High,,Bike,25,6.0,Average
191,2.32,Clear,Low,Afternoon,Scooter,23,1.0,Fast
116,17.49,Rainy,Low,Evening,Bike,27,9.0,Slow
617,1.69,Windy,,Afternoon,Car,11,7.0,Fast
607,4.52,,Low,Evening,Car,17,0.0,Slow
181,7.15,Windy,Low,Morning,Bike,15,3.0,Average
302,10.86,Windy,Medium,,Car,10,4.0,Average
760,15.88,Rainy,Low,Evening,Car,17,1.0,Average
713,9.7,Snowy,Low,Evening,Bike,6,,Average
724,14.95,Clear,Medium,Morning,Bike,13,7.0,Average
686,11.36,Foggy,Low,Afternoon,Bike,6,4.0,Average
980,12.14,Foggy,High,Afternoon,Bike,12,0.0,Average
518,16.31,Foggy,Medium,Afternoon,Car,14,7.0,Slow
985,14.7,Clear,Medium,Evening,Scooter,24,5.0,Slow
46,13.42,Rainy,Medium,Evening,Bike,6,6.0,Slow
910,7.9,Clear,Low,Afternoon,Scooter,22,,Average
158,15.35,Foggy,Low,Morning,Car,5,3.0,Average
852,15.12,Foggy,Low,Morning,Bike,14,1.0,Average
172,0.82,Windy,Low,Morning,Car,18,9.0,Fast
17,6.43,Clear,Low,Evening,Car,9,7.0,Fast
512,8.66,Snowy,High,Morning,Bike,29,3.0,Slow
49,11.16,Foggy,Medium,Afternoon,Car,21,4.0,Slow
972,18.77,Foggy,Low,Afternoon,Car,15,,Slow
941,5.84,Clear,,Evening,Bike,21,7.0,Fast
516,1.01,Clear,High,Night,Bike,17,7.0,Fast
953,3.92,Rainy,Medium,Night,Bike,20,9.0,Average
481,12.77,Foggy,Low,Morning,Bike,22,8.0,Slow
284,2.33,Clear,Low,Evening,Bike,9,2.0,Fast
719,2.92,Windy,High,Afternoon,Bike,24,4.0,Average
878,13.35,Rainy,Low,Evening,Scooter,14,4.0,Slow
226,5.26,Rainy,Medium,Evening,Scooter,28,8.0,Average
27,4.39,Foggy,Medium,Night,Bike,12,8.0,Fast
955,8.67,Windy,High,Morning,Bike,20,4.0,Average
438,16.53,Snowy,Low,Afternoon,Scooter,24,9.0,Slow
952,13.47,Clear,Medium,Evening,Bike,19,4.0,Average
365,18.86,Snowy,Medium,Night,Bike,18,1.0,Slow
230,12.81,Clear,Low,Morning,Bike,12,2.0,Average
38,2.4,Snowy,Low,Night,Scooter,27,5.0,Average
966,7.44,Rainy,Medium,Evening,Bike,6,1.0,Fast
375,1.89,Clear,Medium,Evening,Scooter,13,7.0,Fast
470,19.28,Snowy,Medium,Morning,Car,21,3.0,Slow
968,6.29,,Medium,Morning,Scooter,10,7.0,Fast
851,1.81,Clear,Medium,Afternoon,Car,23,3.0,Fast
705,1.74,Clear,Medium,Night,Bike,23,2.0,Fast
842,13.44,Clear,Medium,Morning,Car,22,1.0,Slow
195,7.11,Clear,Low,Afternoon,Scooter,27,,Average
855,4.5,Windy,Low,Evening,Scooter,20,6.0,Fast
865,8.31,Windy,Medium,Morning,Bike,6,5.0,Average
504,16.37,Clear,High,Morning,Bike,26,7.0,Slow
970,9.78,Clear,Medium,Afternoon,Bike,18,3.0,Average
831,4.88,Windy,Medium,Afternoon,Scooter,26,7.0,Average
580,5.54,Rainy,Medium,,Scooter,28,9.0,Average
969,11.54,Clear,High,Afternoon,Car,10,0.0,Average
163,12.85,Clear,Low,Afternoon,Scooter,5,,Average
909,5.56,Clear,Low,Afternoon,Scooter,19,5.0,Fast
153,3.33,,Medium,Evening,Scooter,24,2.0,Average
802,3.47,Snowy,High,Night,Bike,24,9.0,Average
994,12.01,Clear,Low,Morning,Scooter,26,6.0,Average
756,15.98,Foggy,Low,Morning,Car,21,6.0,Slow
112,3.64,Clear,Low,Morning,Scooter,16,3.0,Fast
227,19.47,Clear,Low,Morning,Bike,16,8.0,Slow
689,15.51,Rainy,Medium,Morning,Scooter,10,8.0,Slow
104,10.42,Windy,Medium,Afternoon,Bike,28,3.0,Slow
422,15.9,Rainy,Low,Evening,Car,19,5.0,Slow
420,15.17,Windy,Low,Morning,Bike,25,4.0,Slow
751,2.78,Rainy,Low,,Bike,21,4.0,Fast
587,1.98,Rainy,Low,Afternoon,Bike,22,0.0,Fast
781,14.03,Clear,Low,Afternoon,Bike,17,2.0,Average
673,2.06,Foggy,Medium,Evening,Scooter,22,4.0,Fast
120,11.02,Clear,High,Morning,Scooter,22,2.0,Average
54,17.95,Snowy,High,Morning,Scooter,16,,Slow
152,5.17,Foggy,Low,Morning,Bike,29,0.0,Average
404,16.62,Snowy,Low,Afternoon,Bike,26,8.0,Slow
946,0.71,Rainy,Low,Morning,Car,25,8.0,Fast
208,13.44,Clear,,Evening,Scooter,9,5.0,Average
659,13.1,Clear,Low,Evening,Bike,28,2.0,Slow
844,19.24,Rainy,High,Afternoon,Bike,9,7.0,Slow
763,5.35,Clear,Medium,Afternoon,Scooter,24,6.0,Average
9,12.22,Clear,Low,Evening,Scooter,15,0.0,Average
808,18.55,Clear,Low,Afternoon,Car,11,9.0,Average
37,6.44,Clear,Low,Afternoon,Car,18,2.0,Average
453,8.77,Foggy,Medium,Evening,Car,14,7.0,Average
652,10.97,Clear,Low,Afternoon,Scooter,27,3.0,Average
254,6.68,Clear,High,Morning,Scooter,10,5.0,Average
304,12.93,Rainy,Low,Afternoon,Scooter,25,0.0,Average
747,7.99,Clear,Medium,Evening,Bike,18,4.0,Average
572,15.78,Clear,High,Afternoon,Scooter,12,1.0,Average
624,9.95,Windy,High,Evening,Scooter,21,5.0,Slow
733,13.47,Rainy,Low,Afternoon,Scooter,7,6.0,Average
892,17.19,Clear,Medium,Afternoon,Bike,11,8.0,Slow
263,3.23,Clear,High,Afternoon,Bike,17,9.0,Fast
611,1.27,Foggy,High,Afternoon,Bike,25,9.0,Average
298,4.71,Clear,Low,Morning,Bike,20,6.0,Fast
415,12.82,Rainy,Medium,Evening,Bike,28,9.0,Slow
151,18.21,,Low,Evening,Bike,6,3.0,Slow
789,9.51,Clear,High,Morning,Bike,26,9.0,Average
641,0.89,Rainy,Low,Morning,Car,9,0.0,Fast
890,5.24,Windy,High,Afternoon,Scooter,26,8.0,Average
551,10.64,Windy,Low,Evening,Car,11,9.0,Fast
887,13.23,Clear,Medium,Night,Bike,20,8.0,Average
489,19.03,Clear,Medium,Morning,Scooter,8,8.0,Average
148,10.3,Rainy,Low,Evening,Bike,29,0.0,Slow
147,12.39,Snowy,Medium,Evening,Bike,14,8.0,Average
721,18.8,Clear,High,Afternoon,Bike,23,7.0,Slow
932,16.78,Rainy,Medium,Morning,Bike,22,1.0,Average
740,7.85,Clear,Low,Afternoon,Scooter,7,9.0,Fast
660,11.63,Clear,Medium,Night,Scooter,29,7.0,Average
349,7.8,Windy,Medium,Afternoon,Car,17,6.0,Average
464,11.88,Rainy,Medium,Afternoon,Bike,5,1.0,Average
326,14.89,Clear,High,Evening,Car,22,9.0,Slow
187,16.44,Rainy,High,Afternoon,Bike,12,,Slow
124,2.65,,Medium,Afternoon,Car,14,4.0,Fast
854,18.01,Foggy,High,Night,Bike,14,2.0,Slow
609,10.32,Clear,Medium,Night,Car,24,5.0,Average
144,6.37,Rainy,Low,Afternoon,Car,29,4.0,Average
959,3.74,Rainy,Low,Morning,Bike,19,6.0,Fast
198,17.99,Windy,High,Evening,Bike,5,1.0,Slow
610,13.96,Rainy,Low,Night,Bike,5,1.0,Average
280,16.02,Clear,Low,Evening,Bike,20,7.0,Average
294,7.52,,Medium,Afternoon,Car,17,9.0,Average
401,2.51,Clear,Low,Morning,Bike,16,2.0,Fast
123,6.7,Foggy,High,Morning,Scooter,23,3.0,Average
184,17.61,Windy,Low,Morning,Bike,5,8.0,Average
203,3.65,Clear,Medium,Morning,Bike,29,9.0,Average
439,14.27,Clear,Medium,Night,Car,24,3.0,Slow
247,8.85,Clear,Low,Afternoon,Bike,11,9.0,Average
416,9.24,Windy,,Afternoon,Bike,8,2.0,Average
933,19.7,Rainy,Low,Evening,Car,16,6.0,Average
766,11.61,Clear,High,Morning,Car,19,1.0,Average
907,16.44,Windy,High,Afternoon,Car,8,0.0,Slow
836,8.67,Rainy,High,Afternoon,Bike,12,7.0,Slow
888,5.14,Clear,Medium,Evening,Scooter,23,7.0,Average
130,10.46,Clear,,Evening,Bike,25,3.0,Average
638,5.23,Clear,Medium,Morning,Scooter,23,2.0,Average
403,10.35,Clear,Medium,Night,Bike,7,9.0,Average
785,4.04,Rainy,High,Evening,Bike,14,6.0,Fast
771,2.66,Clear,Low,Afternoon,Bike,16,8.0,Fast
736,17.61,Foggy,Medium,Afternoon,Bike,9,5.0,Slow
914,8.48,Clear,High,Night,Bike,11,5.0,Fast
220,17.06,Clear,Low,Evening,Bike,9,9.0,Average
642,6.78,Foggy,Low,Night,Bike,18,6.0,Average
916,9.0,Snowy,Medium,Afternoon,Car,29,3.0,Slow
753,12.74,Clear,Low,Afternoon,Scooter,12,0.0,Average
807,18.72,Rainy,Medium,Afternoon,Bike,17,0.0,Slow
920,3.23,Clear,Low,,Bike,7,7.0,Fast
625,12.56,Clear,Low,Morning,Car,22,8.0,Average
875,1.0,Snowy,Medium,Morning,Bike,28,0.0,Average
761,3.46,Clear,Low,Morning,Bike,24,6.0,Fast
387,6.0,Snowy,Low,Morning,Car,20,8.0,Average
973,14.79,Clear,Medium,Morning,Scooter,12,9.0,Average
510,14.65,Snowy,High,Morning,Car,19,3.0,Slow
268,14.2,Clear,Medium,Afternoon,Bike,17,1.0,Slow
820,7.04,Clear,Low,Afternoon,Bike,11,8.0,Fast
442,19.74,Clear,,Afternoon,Car,16,1.0,Slow
497,11.88,Rainy,Medium,Evening,Bike,20,8.0,Average
113,18.63,Clear,Low,Evening,Bike,26,8.0,Slow
692,8.8,Rainy,Medium,Afternoon,Bike,6,2.0,Fast
233,11.75,Clear,High,Morning,Bike,9,2.0,Average
870,18.95,Snowy,Low,Morning,Car,27,0.0,Slow
608,7.6,Foggy,Low,Morning,Bike,16,4.0,Average
672,17.99,Foggy,Low,Morning,Car,11,2.0,Slow
374,13.82,Clear,Medium,Evening,Bike,21,9.0,Slow
982,15.53,Foggy,Low,Evening,Bike,26,7.0,Average
843,3.97,Clear,High,Afternoon,Bike,19,8.0,Fast
234,10.1,Clear,High,Morning,Car,17,6.0,Average
786,18.21,Foggy,Low,Morning,Bike,5,1.0,Average
677,2.68,Clear,Low,Morning,Bike,16,8.0,Fast
318,3.88,Snowy,Low,Morning,Bike,9,6.0,Fast
649,15.89,Snowy,Medium,Afternoon,Car,15,9.0,Slow
411,6.73,Clear,Medium,Afternoon,Bike,21,1.0,Average
899,0.75,Clear,Medium,Afternoon,Bike,10,5.0,Fast
710,13.79,Rainy,Low,Night,Scooter,11,0.0,Average
359,18.83,Clear,Medium,Evening,Scooter,5,8.0,Average
259,11.62,Clear,Low,Afternoon,Bike,9,8.0,Fast
745,5.03,Clear,Medium,Morning,Bike,17,,Fast
628,15.08,Rainy,Medium,Evening,Scooter,26,1.0,Slow
633,10.48,Rainy,Low,Afternoon,Car,10,7.0,Average
283,7.82,Rainy,Medium,Evening,Bike,16,8.0,Average
377,16.98,Clear,Low,,Bike,11,6.0,Slow
385,14.83,Rainy,Low,Morning,Car,19,4.0,Slow
225,5.67,Clear,Low,Morning,Scooter,11,9.0,Fast
954,18.33,Snowy,Medium,Morning,Scooter,5,5.0,Average
815,17.46,Clear,Medium,Morning,Scooter,6,,Average
473,1.34,Foggy,High,Evening,Bike,9,5.0,Fast
348,1.38,Clear,Low,Morning,Scooter,13,9.0,Fast
506,3.67,Clear,Low,,Bike,9,0.0,Fast
640,7.86,Windy,Medium,Morning,Car,22,2.0,Average
988,8.98,Clear,Medium,Afternoon,Scooter,22,8.0,Slow
929,12.85,Rainy,Medium,Evening,Scooter,6,7.0,Average
906,17.91,Clear,Low,Afternoon,Bike,6,7.0,Average
620,15.09,Snowy,Low,Morning,Car,20,7.0,Average
856,4.22,Clear,Medium,Morning,Bike,16,7.0,Fast
804,12.33,Clear,High,Night,Bike,7,2.0,Slow
646,17.87,Snowy,Low,Morning,Scooter,29,4.0,Slow
847,2.16,Clear,Medium,Night,Car,10,1.0,Fast
557,3.11,Rainy,Medium,Morning,Scooter,21,1.0,Average
958,1.42,Clear,High,Afternoon,Scooter,24,2.0,Fast
578,18.57,Rainy,Medium,Afternoon,Bike,16,7.0,Slow
796,17.51,Clear,Medium,Evening,Bike,15,3.0,Average
86,6.84,Clear,Medium,Evening,Bike,25,1.0,Average
243,18.34,Snowy,Medium,Afternoon,Scooter,22,,Slow
699,3.51,Windy,Medium,Night,Bike,22,2.0,Average
160,14.7,Clear,Medium,Morning,Scooter,6,2.0,Average
525,16.85,Clear,High,Morning,Car,17,4.0,Slow
36,16.26,Rainy,Low,Morning,Car,27,5.0,Average
541,19.1,Snowy,Medium,Morning,Bike,25,6.0,Slow
171,13.71,Rainy,Medium,Evening,Bike,22,9.0,Average
655,8.92,Clear,Medium,,Bike,10,1.0,Average
891,14.58,Clear,Low,Evening,Bike,23,0.0,Average
858,9.71,Clear,Low,Afternoon,Car,27,5.0,Average
848,19.94,Clear,Low,Afternoon,Bike,26,6.0,Slow
945,4.53,Snowy,Medium,Morning,Scooter,18,4.0,Average
734,10.7,Clear,High,Afternoon,Car,8,4.0,Average
96,10.13,Clear,Medium,Evening,Bike,22,0.0,Average
564,0.78,Clear,Low,Afternoon,Bike,11,0.0,Fast
241,18.84,Foggy,Medium,Afternoon,Scooter,25,8.0,Slow
743,15.08,Snowy,Low,Evening,Bike,29,7.0,Slow
575,17.32,Clear,Low,Evening,Scooter,10,3.0,Slow
691,6.81,Clear,Medium,Evening,Bike,23,2.0,Average
461,2.79,Clear,High,Morning,Bike,23,7.0,Fast
554,11.44,Foggy,High,Afternoon,Car,14,4.0,Slow
889,2.44,Snowy,High,Evening,Bike,13,9.0,Fast
207,2.48,Rainy,Low,Evening,Scooter,20,8.0,Fast
393,7.75,,Medium,Evening,Scooter,21,1.0,Average
795,0.85,Clear,Medium,Morning,Bike,9,8.0,Fast
398,8.87,Clear,Low,Evening,Bike,19,3.0,Average
767,15.37,Snowy,Medium,Afternoon,Car,15,5.0,Average
849,10.29,Foggy,Medium,Evening,Scooter,25,4.0,Average
218,15.06,Rainy,Low,Morning,Bike,22,4.0,Average
5,3.54,Foggy,Low,,Bike,23,7.0,Fast
769,7.17,Clear,Medium,Morning,Scooter,7,9.0,Fast
643,4.62,Rainy,Medium,Afternoon,Car,8,3.0,Fast
930,5.53,Clear,Low,Morning,Car,10,8.0,Fast
613,12.74,Rainy,Low,Afternoon,Bike,17,9.0,Average
739,9.06,Clear,High,Evening,Bike,26,3.0,Average
547,2.71,Foggy,Low,Morning,Bike,6,0.0,Fast
726,16.92,Clear,Low,Night,Bike,23,5.0,Slow
684,13.54,Foggy,Low,Morning,Bike,11,1.0,Average
99,1.0,Snowy,Medium,Morning,Bike,25,4.0,Average
805,8.77,Clear,Medium,Morning,Car,12,2.0,Average
728,16.01,Windy,Low,Morning,Car,28,0.0,Slow
574,12.63,Foggy,Medium,Night,Scooter,8,8.0,Average
407,8.09,Foggy,Low,Evening,Car,22,2.0,Average
503,6.54,Clear,Medium,Night,Bike,10,7.0,Fast
48,10.64,Clear,Medium,Afternoon,Scooter,14,5.0,Average
33,1.77,Clear,Medium,Evening,Bike,14,9.0,Fast
780,13.0,Foggy,Low,Evening,Bike,25,7.0,Slow
840,12.83,Clear,Low,Evening,Bike,5,8.0,Average
201,13.02,Snowy,High,Afternoon,Car,6,9.0,Average
135,18.89,Rainy,Medium,Morning,Scooter,22,1.0,Slow
28,10.53,Foggy,High,Evening,Bike,25,8.0,Slow
881,5.01,Rainy,Low,Afternoon,Bike,10,5.0,Fast
231,16.0,Foggy,Medium,Afternoon,Scooter,13,3.0,Average
490,17.86,Clear,Low,Afternoon,Scooter,16,8.0,Slow
773,2.99,Foggy,High,Afternoon,Bike,9,5.0,Slow
379,16.38,Clear,Medium,Morning,Bike,6,2.0,Average
289,6.09,Clear,Medium,Night,Bike,7,4.0,Fast
419,13.61,Clear,Low,Morning,Bike,26,0.0,Average
675,8.5,Snowy,High,Evening,Bike,14,7.0,Average
392,8.55,Clear,Low,Evening,Scooter,28,8.0,Average
593,4.05,Clear,Medium,Afternoon,Scooter,21,5.0,Fast
499,19.5,Clear,High,Morning,Bike,18,2.0,Slow
139,7.59,Clear,,Afternoon,Scooter,16,3.0,Fast
63,16.66,Snowy,High,Afternoon,Scooter,29,7.0,Slow
472,19.41,Snowy,High,Evening,Car,21,3.0,Slow
648,13.74,Foggy,Medium,Afternoon,Bike,6,1.0,Average
129,0.64,Clear,High,Night,Bike,10,3.0,Fast
977,12.1,Clear,High,Afternoon,Bike,11,0.0,Average
521,12.09,Clear,Medium,Morning,Car,13,1.0,Average
839,11.82,Windy,Medium,Night,Bike,24,7.0,Slow
963,5.28,Foggy,Low,Morning,Bike,27,6.0,Average
65,5.98,Clear,Low,Evening,Car,22,9.0,Fast
813,2.93,Clear,Medium,Morning,Bike,24,8.0,Slow
15,4.05,Snowy,Medium,Evening,Scooter,19,2.0,Average
157,13.61,Clear,Low,,Scooter,12,2.0,Average
41,2.88,Rainy,,Morning,Car,16,4.0,Average
493,5.91,Clear,Medium,Evening,Scooter,29,4.0,Average
380,6.0,Rainy,Medium,Evening,Scooter,21,2.0,Average
188,11.33,Clear,Medium,Afternoon,Scooter,29,7.0,Slow
764,15.01,Clear,Medium,Morning,Bike,15,6.0,Average
217,6.85,Clear,High,Morning,Bike,16,5.0,Average
792,11.93,Snowy,High,Morning,Car,7,1.0,Slow
53,18.82,Windy,Low,Morning,Car,5,3.0,Slow
879,1.03,Clear,Medium,Afternoon,Bike,19,4.0,Fast
338,14.22,Rainy,,Evening,Car,25,8.0,Slow
749,18.18,Snowy,High,,Bike,17,3.0,Slow
720,14.75,Clear,Low,Morning,Car,10,7.0,Average
725,11.7,Rainy,Low,Afternoon,Bike,17,5.0,Average
296,10.68,Clear,Low,Morning,Bike,14,1.0,Average
702,1.51,Clear,High,Evening,Bike,26,1.0,Average
252,8.01,Clear,High,Morning,Bike,8,6.0,Average
727,3.23,Rainy,Low,Morning,Car,25,7.0,Average
462,13.16,Rainy,High,Morning,Scooter,25,8.0,Average
456,10.11,Windy,Low,Morning,Bike,11,4.0,Average
997,18.39,Windy,Low,Afternoon,Bike,24,6.0,Slow
816,10.62,Windy,Medium,Afternoon,Car,22,5.0,Average
863,10.73,Clear,,Afternoon,Bike,7,5.0,Average
270,6.23,Clear,Medium,Evening,Car,20,1.0,Average
202,2.14,Clear,Low,Afternoon,Bike,25,1.0,Fast
162,12.83,Clear,Medium,Morning,Bike,19,2.0,Slow
556,8.37,Clear,High,Evening,Scooter,13,7.0,Average
730,3.69,Rainy,Medium,Afternoon,Bike,8,8.0,Fast
402,18.1,Clear,Low,Morning,Scooter,8,5.0,Slow
703,7.06,Clear,Low,Afternoon,Scooter,26,5.0,Average
477,1.94,Foggy,Low,Night,Bike,10,1.0,Fast
822,0.59,Clear,Low,Afternoon,Bike,21,0.0,Fast
772,17.01,Snowy,Low,Night,Bike,28,6.0,Slow
106,5.36,Clear,Low,Afternoon,Scooter,11,4.0,Fast
566,12.0,Clear,Low,Evening,Car,25,0.0,Slow
390,16.23,Clear,Medium,Evening,Bike,6,0.0,Average
2,19.04,Rainy,Low,Evening,Car,12,6.0,Average
938,18.33,Foggy,Medium,Morning,Scooter,19,0.0,Slow
983,2.58,Clear,Medium,Morning,Scooter,25,7.0,Fast
562,4.65,Clear,Medium,Evening,Bike,21,1.0,Average
81,17.33,Snowy,Low,Evening,Scooter,12,3.0,Slow
206,0.68,Snowy,High,Evening,Bike,29,8.0,Average
35,19.33,Clear,Medium,Morning,Bike,7,8.0,Slow
776,3.42,Clear,Medium,Night,Car,11,9.0,Fast
509,19.02,Rainy,High,Evening,Scooter,22,1.0,Slow
428,17.81,Windy,High,Evening,Bike,21,4.0,Slow
455,2.67,Clear,Medium,Night,Car,17,6.0,Fast
367,19.24,Snowy,Low,,Bike,26,1.0,Slow
92,14.41,Rainy,,Night,Bike,16,6.0,Slow
340,2.41,,Medium,Evening,Bike,15,9.0,Fast
898,17.98,Clear,Low,Evening,Bike,5,8.0,Average
565,7.34,Foggy,Medium,Afternoon,Bike,22,5.0,Slow
346,12.51,Clear,Medium,Evening,Bike,18,5.0,Average
777,4.97,Rainy,Low,Evening,Bike,17,9.0,Fast
242,19.1,Snowy,Low,Afternoon,Bike,18,1.0,Slow
14,4.64,Clear,Low,Afternoon,Bike,15,9.0,Fast
316,14.07,Rainy,Low,Evening,Bike,10,5.0,Average
601,3.79,Clear,Medium,Morning,Bike,13,2.0,Fast
388,3.96,Clear,Medium,Afternoon,Bike,23,,Average
274,18.31,Clear,Medium,Afternoon,Bike,25,3.0,Slow
167,6.76,Foggy,Medium,Night,Bike,7,6.0,Average
841,0.76,Clear,Low,Afternoon,Car,26,9.0,Fast
993,5.81,Rainy,Medium,Evening,Bike,14,8.0,Average
647,12.08,Clear,High,Afternoon,Scooter,16,4.0,Average
819,1.57,Rainy,Low,Evening,Car,16,1.0,Fast
485,11.89,Clear,Medium,Afternoon,Bike,28,0.0,Slow
981,7.02,Clear,Medium,Evening,Car,23,2.0,Average
505,13.85,Clear,Low,Evening,Bike,29,5.0,Slow
832,9.32,Rainy,Medium,Evening,Scooter,24,2.0,Slow
244,7.72,Foggy,High,Evening,Bike,19,4.0,Average
567,8.15,Rainy,Low,Afternoon,Bike,26,2.0,Average
876,3.54,Rainy,Medium,Afternoon,Scooter,17,4.0,Average
563,3.16,Snowy,Low,Morning,Car,9,,Fast
687,11.65,Windy,Low,Night,Bike,10,3.0,Average
190,5.22,Snowy,Medium,,Scooter,14,3.0,Average
783,5.41,Clear,High,Morning,Scooter,17,6.0,Fast
700,9.88,Rainy,Medium,Morning,Car,7,0.0,Average
476,19.86,Rainy,High,Evening,Bike,12,8.0,Slow
682,5.53,Windy,High,Morning,Bike,23,4.0,Average
511,12.46,Foggy,Low,Afternoon,Bike,10,1.0,Average
59,1.38,Clear,Medium,Morning,Car,6,3.0,Fast
475,10.79,Clear,Medium,Evening,Scooter,24,1.0,Average
561,14.23,Clear,Medium,Afternoon,Scooter,23,7.0,Average
857,1.21,Snowy,Low,Afternoon,Bike,22,1.0,Fast
748,11.1,Clear,Low,Afternoon,Bike,18,7.0,Average
253,17.1,Clear,Medium,Evening,Bike,25,5.0,Average
22,3.22,Clear,Medium,Afternoon,Bike,19,9.0,Fast
314,19.27,Foggy,Medium,Morning,Car,29,9.0,Slow
460,2.82,Rainy,Medium,Evening,Scooter,10,1.0,Fast
161,7.67,Foggy,Medium,Afternoon,Scooter,22,8.0,Average
277,16.07,Clear,Medium,Evening,Bike,16,5.0,Average
956,7.97,Windy,Medium,Evening,Scooter,9,8.0,Fast
192,18.0,Rainy,High,Night,Car,22,,Slow
386,16.17,Clear,Medium,Evening,Scooter,12,2.0,Slow
806,14.86,,High,Night,Scooter,15,4.0,Slow
414,11.68,Clear,,Afternoon,Scooter,25,7.0,Average
492,12.59,Clear,Low,Evening,Scooter,10,2.0,Fast
344,8.96,Snowy,,Morning,Car,6,5.0,Average
770,16.51,Clear,Medium,Morning,Bike,7,1.0,Slow
309,16.01,Clear,Low,Afternoon,Car,12,4.0,Slow
662,19.74,Rainy,High,Afternoon,Scooter,11,7.0,Slow
131,8.64,Snowy,Low,Evening,Bike,29,4.0,Average
664,5.13,Clear,Medium,Morning,Car,16,1.0,Fast
872,5.78,Clear,High,Morning,Bike,11,5.0,Fast
100,2.6,Clear,Low,Afternoon,Bike,16,1.0,Fast
373,2.34,Foggy,Medium,Morning,Bike,8,2.0,Fast
88,12.93,Clear,Medium,Morning,Scooter,20,8.0,Average
459,1.6,Clear,Medium,Evening,Bike,14,8.0,Fast
331,7.44,Rainy,Low,Evening,Bike,27,,Average
215,14.39,Rainy,Medium,Morning,Scooter,6,,Average
467,6.07,,Low,Afternoon,Bike,18,4.0,Fast
122,17.97,Windy,Medium,Morning,Scooter,28,7.0,Slow
615,17.53,Clear,Low,Afternoon,Bike,14,6.0,Slow
21,12.43,Rainy,High,Morning,Bike,13,6.0,Average
701,10.89,Windy,Medium,Evening,Bike,7,0.0,Average
72,4.37,Clear,Medium,Evening,Scooter,6,7.0,Fast
107,8.5,Clear,High,Evening,Car,13,3.0,Average
271,16.28,Rainy,Low,Morning,Scooter,8,9.0,Slow
861,15.62,Snowy,High,Evening,Scooter,26,2.0,Slow
436,14.17,Clear,Low,Afternoon,Bike,8,0.0,Average
103,6.63,Foggy,Low,Night,Scooter,24,3.0,Average
